/**
* @author FABIO ELIA LOCATELLI
* @creationDate 08/12/2016
* @revisionDate 20/02/2018
* @purpose DATA DEFINITION SCRIPT
*-------------------------------------------------------------------------------------------------------------------------------------------------------------------------------*/

CREATE DATABASE IF NOT EXISTS eridanus;
USE eridanus ;

DROP TABLE IF EXISTS river;
CREATE TABLE river (
    localName VARCHAR(45) NOT NULL,
    averageDischarge INT(11) DEFAULT NULL,
    catchmentBasin INT(11) DEFAULT NULL,
    length INT(11) DEFAULT NULL,
    sourceLocation VARCHAR(25) DEFAULT NULL,
    mouthLocation VARCHAR(25) DEFAULT NULL,
    isNavigable TINYINT(1) DEFAULT NULL,
    isPolluted TINYINT(1) DEFAULT NULL,
    isRegional TINYINT(1) DEFAULT NULL,
    isTributary TINYINT(1) DEFAULT NULL,
    PRIMARY KEY (localName)
)  ENGINE=INNODB DEFAULT CHARSET=UTF8;

INSERT INTO river (localName, averageDischarge, catchmentBasin, length, sourceLocation, mouthLocation, isNavigable, isPolluted, isRegional, isTributary) VALUES ('Adda', 187, 7927, 313, '46.543040,  10.266576', '45.134241,  9.881418', 0, 0, 1, 1);
INSERT INTO river (localName, averageDischarge, catchmentBasin, length, sourceLocation, mouthLocation, isNavigable, isPolluted, isRegional, isTributary) VALUES ('Adige', 235, 121000, 410, '46.782199,  10.708278', '45.163080,  12.333588', 0, 0, 1, 0);
INSERT INTO river (localName, averageDischarge, catchmentBasin, length, sourceLocation, mouthLocation, isNavigable, isPolluted, isRegional, isTributary) VALUES ('Agly', 6, 1055, 81, '42.889784,  2.413762', '42.778834,  3.039134', 0, 0, 1, 0);
INSERT INTO river (localName, averageDischarge, catchmentBasin, length, sourceLocation, mouthLocation, isNavigable, isPolluted, isRegional, isTributary) VALUES ('Agogna', NULL, NULL, NULL, NULL, NULL, 0, 0, 1, 1);
INSERT INTO river (localName, averageDischarge, catchmentBasin, length, sourceLocation, mouthLocation, isNavigable, isPolluted, isRegional, isTributary) VALUES ('Agri', 20, 1770, 136, '40.471941,  15.766437', '40.221841,  16.737680', 0, 0, 1, 0);
INSERT INTO river (localName, averageDischarge, catchmentBasin, length, sourceLocation, mouthLocation, isNavigable, isPolluted, isRegional, isTributary) VALUES ('Alcantara', NULL, NULL, NULL, '37.986650,  14.918030', '37.809441,  15.260180', 0, 0, 1, 0);
INSERT INTO river (localName, averageDischarge, catchmentBasin, length, sourceLocation, mouthLocation, isNavigable, isPolluted, isRegional, isTributary) VALUES ('Amarumayo', 4915, 100000, 1150, '-12.887688,  -71.390584', '-10.385998,  -65.391716', 1, 0, 0, 1);
INSERT INTO river (localName, averageDischarge, catchmentBasin, length, sourceLocation, mouthLocation, isNavigable, isPolluted, isRegional, isTributary) VALUES ('Amur', 11400, 1855000, 2824, '53.332937,  121.469712', '52.955644,  141.116822', 1, 1, 0, 0);
INSERT INTO river (localName, averageDischarge, catchmentBasin, length, sourceLocation, mouthLocation, isNavigable, isPolluted, isRegional, isTributary) VALUES ('Aniene', 31, 1414, 99, '41.864092,  13.366058', '41.942502,  12.500541', 0, 1, 1, 1);
INSERT INTO river (localName, averageDischarge, catchmentBasin, length, sourceLocation, mouthLocation, isNavigable, isPolluted, isRegional, isTributary) VALUES ('Araguaia', 6172, 358125, 1910, '-18.033962,  -53.063245', '-5.373992,  -48.720275', 1, 0, 0, 1);
INSERT INTO river (localName, averageDischarge, catchmentBasin, length, sourceLocation, mouthLocation, isNavigable, isPolluted, isRegional, isTributary) VALUES ('Arc', 49, 2000, 127, '45.383996,  7.099513', '45.563046,  6.201802', 0, 0, 1, 1);
INSERT INTO river (localName, averageDischarge, catchmentBasin, length, sourceLocation, mouthLocation, isNavigable, isPolluted, isRegional, isTributary) VALUES ('Arda', NULL, NULL, NULL, NULL, NULL, 0, 0, 1, 1);
INSERT INTO river (localName, averageDischarge, catchmentBasin, length, sourceLocation, mouthLocation, isNavigable, isPolluted, isRegional, isTributary) VALUES ('Arno', 110, 8228, 241, '43.841055,  11.653132', '43.680132,  10.270223', 0, 1, 1, 0);
INSERT INTO river (localName, averageDischarge, catchmentBasin, length, sourceLocation, mouthLocation, isNavigable, isPolluted, isRegional, isTributary) VALUES ('Aterno', 57, 3190, 152, '42.163865,  13.821462', '42.469665,  14.229546', 0, 0, 1, 0);
INSERT INTO river (localName, averageDischarge, catchmentBasin, length, sourceLocation, mouthLocation, isNavigable, isPolluted, isRegional, isTributary) VALUES ('Aude', 43, 6074, 224, '42.573983,  2.022053', '43.210723,  3.240974', 0, 0, 1, 0);
INSERT INTO river (localName, averageDischarge, catchmentBasin, length, sourceLocation, mouthLocation, isNavigable, isPolluted, isRegional, isTributary) VALUES ('Bacchiglione', NULL, NULL, NULL, NULL, NULL, NULL, NULL, 1, NULL);
INSERT INTO river (localName, averageDischarge, catchmentBasin, length, sourceLocation, mouthLocation, isNavigable, isPolluted, isRegional, isTributary) VALUES ('Basento', 12, 1537, 149, '40.572649,  15.761839', '40.338279,  16.817113', 0, 0, 1, 0);
INSERT INTO river (localName, averageDischarge, catchmentBasin, length, sourceLocation, mouthLocation, isNavigable, isPolluted, isRegional, isTributary) VALUES ('Biferno', 20, 1311, 83, '41.483211,  14.463209', '41.980560,  15.029001', 0, 0, 1, 0);
INSERT INTO river (localName, averageDischarge, catchmentBasin, length, sourceLocation, mouthLocation, isNavigable, isPolluted, isRegional, isTributary) VALUES ('Bradano', 7, 2765, 120, '40.837012,  15.786057', '40.387435,  16.859509', 0, 0, 1, 0);
INSERT INTO river (localName, averageDischarge, catchmentBasin, length, sourceLocation, mouthLocation, isNavigable, isPolluted, isRegional, isTributary) VALUES ('Brahmaputra', 19300, 651334, 2900, '29.805401,  83.814492', '23.804602,  89.753669', 1, 0, 0, 0);
INSERT INTO river (localName, averageDischarge, catchmentBasin, length, sourceLocation, mouthLocation, isNavigable, isPolluted, isRegional, isTributary) VALUES ('Brenta', 90, 5840, 174, '46.007383,  11.266124', '45.185037,  12.314681', 0, 0, 1, 0);
INSERT INTO river (localName, averageDischarge, catchmentBasin, length, sourceLocation, mouthLocation, isNavigable, isPolluted, isRegional, isTributary) VALUES ('Candelaro', 2, 2560, 70, '41.806058,  15.271422', '41.586524,  15.894410', 0, 1, 1, 0);
INSERT INTO river (localName, averageDischarge, catchmentBasin, length, sourceLocation, mouthLocation, isNavigable, isPolluted, isRegional, isTributary) VALUES ('Carapelle', 2, 950, 98, '41.084367,  15.368718', '41.492872,  15.926129', 0, 1, 1, 0);
INSERT INTO river (localName, averageDischarge, catchmentBasin, length, sourceLocation, mouthLocation, isNavigable, isPolluted, isRegional, isTributary) VALUES ('Cellina', 10, 700, 50, '46.261381,  12.497521', '46.000251,  12.775534', 0, 0, 1, 1);
INSERT INTO river (localName, averageDischarge, catchmentBasin, length, sourceLocation, mouthLocation, isNavigable, isPolluted, isRegional, isTributary) VALUES ('Ceno', NULL, NULL, NULL, NULL, NULL, 0, NULL, 1, 1);
INSERT INTO river (localName, averageDischarge, catchmentBasin, length, sourceLocation, mouthLocation, isNavigable, isPolluted, isRegional, isTributary) VALUES ('Cervaro', 3, 805, 105, '41.295851,  15.177762', '41.525359,  15.909039', 0, 1, 1, 0);
INSERT INTO river (localName, averageDischarge, catchmentBasin, length, sourceLocation, mouthLocation, isNavigable, isPolluted, isRegional, isTributary) VALUES ('Cervo', NULL, NULL, NULL, NULL, NULL, 0, NULL, 1, 1);
INSERT INTO river (localName, averageDischarge, catchmentBasin, length, sourceLocation, mouthLocation, isNavigable, isPolluted, isRegional, isTributary) VALUES ('Chiese', NULL, NULL, NULL, NULL, NULL, 0, NULL, 1, 1);
INSERT INTO river (localName, averageDischarge, catchmentBasin, length, sourceLocation, mouthLocation, isNavigable, isPolluted, isRegional, isTributary) VALUES ('Coghinas', NULL, NULL, NULL, '40.792876,  9.025534', '40.933441,  8.806207', 0, 0, 1, 0);
INSERT INTO river (localName, averageDischarge, catchmentBasin, length, sourceLocation, mouthLocation, isNavigable, isPolluted, isRegional, isTributary) VALUES ('Conca', NULL, NULL, NULL, NULL, NULL, 0, NULL, 1, 0);
INSERT INTO river (localName, averageDischarge, catchmentBasin, length, sourceLocation, mouthLocation, isNavigable, isPolluted, isRegional, isTributary) VALUES ('Congo', 75000, 4014500, 4700, '-11.874896,  26.263743', '-6.068474,  12.395309', 1, 0, 0, 0);
INSERT INTO river (localName, averageDischarge, catchmentBasin, length, sourceLocation, mouthLocation, isNavigable, isPolluted, isRegional, isTributary) VALUES ('Crati', 36, 2440, 91, '39.277161,  16.415872', '39.724634,  16.530862', 0, 1, 1, 0);
INSERT INTO river (localName, averageDischarge, catchmentBasin, length, sourceLocation, mouthLocation, isNavigable, isPolluted, isRegional, isTributary) VALUES ('Danube', 6500, 817000, 2860, '47.950970,  8.520418', '45.155034,  29.776785', 1, 1, 0, 0);
INSERT INTO river (localName, averageDischarge, catchmentBasin, length, sourceLocation, mouthLocation, isNavigable, isPolluted, isRegional, isTributary) VALUES ('Dnieper', 1670, 504000, 2145, '55.872483,  33.723075', '46.503440,  32.271612', 1, 1, 0, 0);
INSERT INTO river (localName, averageDischarge, catchmentBasin, length, sourceLocation, mouthLocation, isNavigable, isPolluted, isRegional, isTributary) VALUES ('Don', 935, 425600, 1950, '54.011609,  38.278222', '47.133072,  39.223318', 1, 1, 0, 0);
INSERT INTO river (localName, averageDischarge, catchmentBasin, length, sourceLocation, mouthLocation, isNavigable, isPolluted, isRegional, isTributary) VALUES ('Dora Baltea', 96, 3890, 168, '45.808919,  6.961543', '45.180336,  8.047687', 0, 0, 1, 1);
INSERT INTO river (localName, averageDischarge, catchmentBasin, length, sourceLocation, mouthLocation, isNavigable, isPolluted, isRegional, isTributary) VALUES ('Dora Riparia', 27, 1340, 101, '44.907632,  6.742304', '45.078902,  7.725147', 0, 0, 1, 1);
INSERT INTO river (localName, averageDischarge, catchmentBasin, length, sourceLocation, mouthLocation, isNavigable, isPolluted, isRegional, isTributary) VALUES ('Dordogne', 450, 23957, 483, '45.530795,  2.818599', '45.044367,  -0.602172', 1, 1, 0, 1);
INSERT INTO river (localName, averageDischarge, catchmentBasin, length, sourceLocation, mouthLocation, isNavigable, isPolluted, isRegional, isTributary) VALUES ('Drac', 99, 3626, 130, '44.685251,  6.263202', '45.215188,  5.675031', 0, 0, 1, 1);
INSERT INTO river (localName, averageDischarge, catchmentBasin, length, sourceLocation, mouthLocation, isNavigable, isPolluted, isRegional, isTributary) VALUES ('Drava', 670, 4120, 749, '46.717991,  12.254591', '45.544019,  18.926099', 0, 0, 0, 1);
INSERT INTO river (localName, averageDischarge, catchmentBasin, length, sourceLocation, mouthLocation, isNavigable, isPolluted, isRegional, isTributary) VALUES ('Drôme', 20, 1663, 110, '44.500842,  5.653530', '44.771138,  4.762389', 0, 0, 1, 1);
INSERT INTO river (localName, averageDischarge, catchmentBasin, length, sourceLocation, mouthLocation, isNavigable, isPolluted, isRegional, isTributary) VALUES ('Duero', 800, 972999, 897, '42.009959,  -2.877043', '41.144471,  -8.677457', 0, 0, 0, 0);
INSERT INTO river (localName, averageDischarge, catchmentBasin, length, sourceLocation, mouthLocation, isNavigable, isPolluted, isRegional, isTributary) VALUES ('Durance', 188, 14225, 323, '44.893147,  6.720711', '43.922782,  4.742457', 0, 0, 1, 1);
INSERT INTO river (localName, averageDischarge, catchmentBasin, length, sourceLocation, mouthLocation, isNavigable, isPolluted, isRegional, isTributary) VALUES ('Ebro', 600, 86100, 950, '43.017040,  -4.189429', '40.729709,  0.869141', 0, 1, 0, 0);
INSERT INTO river (localName, averageDischarge, catchmentBasin, length, sourceLocation, mouthLocation, isNavigable, isPolluted, isRegional, isTributary) VALUES ('Elbe', 870, 148268, 1091, '50.776753,  15.533233', '53.869731,  8.976595', 1, 1, 0, 0);
INSERT INTO river (localName, averageDischarge, catchmentBasin, length, sourceLocation, mouthLocation, isNavigable, isPolluted, isRegional, isTributary) VALUES ('Elvo', NULL, NULL, NULL, NULL, NULL, 0, NULL, 1, 1);
INSERT INTO river (localName, averageDischarge, catchmentBasin, length, sourceLocation, mouthLocation, isNavigable, isPolluted, isRegional, isTributary) VALUES ('Enza', 12, 899, 93, '44.350716,  10.151666', '44.909024,  10.522030', 0, 0, 1, 1);
INSERT INTO river (localName, averageDischarge, catchmentBasin, length, sourceLocation, mouthLocation, isNavigable, isPolluted, isRegional, isTributary) VALUES ('Esino', 18, 1203, 85, '43.219930,  12.894987', '43.643801,  13.373432', 0, 0, 1, 0);
INSERT INTO river (localName, averageDischarge, catchmentBasin, length, sourceLocation, mouthLocation, isNavigable, isPolluted, isRegional, isTributary) VALUES ('Flumendosa', NULL, NULL, NULL, '39.876551,  9.512275', '39.430212,  9.629597', 0, 0, 1, 0);
INSERT INTO river (localName, averageDischarge, catchmentBasin, length, sourceLocation, mouthLocation, isNavigable, isPolluted, isRegional, isTributary) VALUES ('Foglia', NULL, NULL, NULL, NULL, NULL, 0, NULL, 1, 0);
INSERT INTO river (localName, averageDischarge, catchmentBasin, length, sourceLocation, mouthLocation, isNavigable, isPolluted, isRegional, isTributary) VALUES ('Fortore', 13, 1650, 110, '41.324481,  15.073994', '41.919669,  15.293106', 0, 0, 1, 0);
INSERT INTO river (localName, averageDischarge, catchmentBasin, length, sourceLocation, mouthLocation, isNavigable, isPolluted, isRegional, isTributary) VALUES ('Gail', NULL, NULL, NULL, NULL, NULL, 0, NULL, 1, 1);
INSERT INTO river (localName, averageDischarge, catchmentBasin, length, sourceLocation, mouthLocation, isNavigable, isPolluted, isRegional, isTributary) VALUES ('Ganges', 16648, 1080000, 2525, '30.925228,  79.081420', '23.789516,  89.749258', 1, 1, 0, 0);
INSERT INTO river (localName, averageDischarge, catchmentBasin, length, sourceLocation, mouthLocation, isNavigable, isPolluted, isRegional, isTributary) VALUES ('Gard', 33, 1999, 127, '44.032642,  4.132518', '43.841502,  4.621066', 0, 0, 1, 1);
INSERT INTO river (localName, averageDischarge, catchmentBasin, length, sourceLocation, mouthLocation, isNavigable, isPolluted, isRegional, isTributary) VALUES ('Garonne', 650, 55000, 647, '42.709479,  0.944951', '45.039967,  -0.611954', 1, 1, 0, 0);
INSERT INTO river (localName, averageDischarge, catchmentBasin, length, sourceLocation, mouthLocation, isNavigable, isPolluted, isRegional, isTributary) VALUES ('Godavari', 3505, 312812, 1465, '19.920751,  73.516797', '16.729438,  82.346755', 1, 1, 0, 0);
INSERT INTO river (localName, averageDischarge, catchmentBasin, length, sourceLocation, mouthLocation, isNavigable, isPolluted, isRegional, isTributary) VALUES ('Guadalquivir', 164, 57071, 657, '37.839053,  -2.973474', '36.787339,  -6.373888', 1, 1, 0, 0);
INSERT INTO river (localName, averageDischarge, catchmentBasin, length, sourceLocation, mouthLocation, isNavigable, isPolluted, isRegional, isTributary) VALUES ('Guadiana', 78, 67733, 742, '39.133136,  -3.575430', '37.169933,  -7.398455', 1, 1, 0, 0);
INSERT INTO river (localName, averageDischarge, catchmentBasin, length, sourceLocation, mouthLocation, isNavigable, isPolluted, isRegional, isTributary) VALUES ('Henares', 11, 4144, 158, '41.137744,  -2.540602', '40.404369,  -3.502055', 0, 0, 1, 1);
INSERT INTO river (localName, averageDischarge, catchmentBasin, length, sourceLocation, mouthLocation, isNavigable, isPolluted, isRegional, isTributary) VALUES ('Heretaunga', NULL, NULL, NULL, '-41.040399,  175.216781', '-41.239827,  174.899835', 0, 1, 1, 0);
INSERT INTO river (localName, averageDischarge, catchmentBasin, length, sourceLocation, mouthLocation, isNavigable, isPolluted, isRegional, isTributary) VALUES ('Huang He', 2571, 752546, 5464, '34.986214,  95.950536', '37.782644,  119.311023', 1, 1, 0, 0);
INSERT INTO river (localName, averageDischarge, catchmentBasin, length, sourceLocation, mouthLocation, isNavigable, isPolluted, isRegional, isTributary) VALUES ('Ienisseï', 19600, 2580000, 5540, '51.728532,  94.455168', '71.023373,  83.109517', 1, 1, 0, 0);
INSERT INTO river (localName, averageDischarge, catchmentBasin, length, sourceLocation, mouthLocation, isNavigable, isPolluted, isRegional, isTributary) VALUES ('Irtyš', 2150, 1643000, 4248, '47.873298,  89.976114', '61.081285,  68.820798', 1, 0, 0, 1);
INSERT INTO river (localName, averageDischarge, catchmentBasin, length, sourceLocation, mouthLocation, isNavigable, isPolluted, isRegional, isTributary) VALUES ('Isère', 333, 11890, 286, '45.443233,  7.099872', '44.990737,  4.867697', 0, 0, 1, 1);
INSERT INTO river (localName, averageDischarge, catchmentBasin, length, sourceLocation, mouthLocation, isNavigable, isPolluted, isRegional, isTributary) VALUES ('Isonzo', 170, 3400, 136, '46.389757,  13.683916', '45.724567,  13.557140', 0, 0, 1, 0);
INSERT INTO river (localName, averageDischarge, catchmentBasin, length, sourceLocation, mouthLocation, isNavigable, isPolluted, isRegional, isTributary) VALUES ('Kaituna', NULL, NULL, NULL, '-38.017606,  176.344274', '-37.747455,  176.415482', 0, 0, 1, 0);
INSERT INTO river (localName, averageDischarge, catchmentBasin, length, sourceLocation, mouthLocation, isNavigable, isPolluted, isRegional, isTributary) VALUES ('Kereu', NULL, NULL, NULL, '-37.843158,  177.836688', '-37.706882,  177.717968', 0, 0, 1, 0);
INSERT INTO river (localName, averageDischarge, catchmentBasin, length, sourceLocation, mouthLocation, isNavigable, isPolluted, isRegional, isTributary) VALUES ('Lambro', 6, 1350, 130, '45.921785,  9.250244', '45.137646,  9.544977', 0, 1, 1, 1);
INSERT INTO river (localName, averageDischarge, catchmentBasin, length, sourceLocation, mouthLocation, isNavigable, isPolluted, isRegional, isTributary) VALUES ('Léna', 16870, 2500000, 4400, '53.929981,  108.083160', '71.884712,  127.208501', 1, 0, 0, 0);
INSERT INTO river (localName, averageDischarge, catchmentBasin, length, sourceLocation, mouthLocation, isNavigable, isPolluted, isRegional, isTributary) VALUES ('Liffey', 14, 1256, 125, '53.157894,  -6.292283', '53.343702,  -6.150355', 0, 0, 1, 0);
INSERT INTO river (localName, averageDischarge, catchmentBasin, length, sourceLocation, mouthLocation, isNavigable, isPolluted, isRegional, isTributary) VALUES ('Liri', 50, 4140, 120, '42.003554,  13.286713', '41.398310,  13.880965', 0, 0, 1, 0);
INSERT INTO river (localName, averageDischarge, catchmentBasin, length, sourceLocation, mouthLocation, isNavigable, isPolluted, isRegional, isTributary) VALUES ('Livenza', 85, 2221, 112, '46.039697,  12.496660', '45.585663,  12.868232', 0, 0, 1, 0);
INSERT INTO river (localName, averageDischarge, catchmentBasin, length, sourceLocation, mouthLocation, isNavigable, isPolluted, isRegional, isTributary) VALUES ('Llobregat', NULL, NULL, NULL, '42.282595,  2.012913', '41.294684,  2.141288', 0, 1, 1, 0);
INSERT INTO river (localName, averageDischarge, catchmentBasin, length, sourceLocation, mouthLocation, isNavigable, isPolluted, isRegional, isTributary) VALUES ('Loire', 931, 117356, 1006, '44.841972,  4.219486', '47.276008,  -2.176989', 1, 1, 0, 0);
INSERT INTO river (localName, averageDischarge, catchmentBasin, length, sourceLocation, mouthLocation, isNavigable, isPolluted, isRegional, isTributary) VALUES ('Madeira', 31200, 850000, 3380, '-10.386313,  -65.391601', '-3.367172,  -58.750374', 1, 0, 0, 1);
INSERT INTO river (localName, averageDischarge, catchmentBasin, length, sourceLocation, mouthLocation, isNavigable, isPolluted, isRegional, isTributary) VALUES ('Magra', NULL, NULL, NULL, NULL, NULL, 0, NULL, 1, 0);
INSERT INTO river (localName, averageDischarge, catchmentBasin, length, sourceLocation, mouthLocation, isNavigable, isPolluted, isRegional, isTributary) VALUES ('Manawatu', NULL, NULL, NULL, '-40.183515,  176.205645', '-40.476794,  175.215277', 0, 1, 1, 0);
INSERT INTO river (localName, averageDischarge, catchmentBasin, length, sourceLocation, mouthLocation, isNavigable, isPolluted, isRegional, isTributary) VALUES ('Marañón', 16708, 358000, 1737, '-8.464509,  -77.547860', '-4.442051,  -73.451504', 1, 0, 0, 1);
INSERT INTO river (localName, averageDischarge, catchmentBasin, length, sourceLocation, mouthLocation, isNavigable, isPolluted, isRegional, isTributary) VALUES ('Marecchia', 10, 941, 70, '43.736855,  12.078426', '44.076372,  12.563511', 0, 0, 1, 0);
INSERT INTO river (localName, averageDischarge, catchmentBasin, length, sourceLocation, mouthLocation, isNavigable, isPolluted, isRegional, isTributary) VALUES ('Marne', NULL, NULL, NULL, NULL, NULL, NULL, NULL, 0, 1);
INSERT INTO river (localName, averageDischarge, catchmentBasin, length, sourceLocation, mouthLocation, isNavigable, isPolluted, isRegional, isTributary) VALUES ('Mekong', 16000, 795000, 4350, '33.706497,  94.695380', '10.281845,  105.929472', 1, 1, 0, 0);
INSERT INTO river (localName, averageDischarge, catchmentBasin, length, sourceLocation, mouthLocation, isNavigable, isPolluted, isRegional, isTributary) VALUES ('Metauro', 21, 1325, 121, '43.648910,  12.187572', '43.828886,  13.055610', 0, 0, 1, 0);
INSERT INTO river (localName, averageDischarge, catchmentBasin, length, sourceLocation, mouthLocation, isNavigable, isPolluted, isRegional, isTributary) VALUES ('Mincio', 60, 2859, 75, '45.436137,  10.698461', '45.071123,  10.982060', 0, 0, 1, 1);
INSERT INTO river (localName, averageDischarge, catchmentBasin, length, sourceLocation, mouthLocation, isNavigable, isPolluted, isRegional, isTributary) VALUES ('Mississippi', 16792, 2981076, 3734, '47.239788,  -95.207700', '28.912442,  -89.427758', 1, 1, 0, 0);
INSERT INTO river (localName, averageDischarge, catchmentBasin, length, sourceLocation, mouthLocation, isNavigable, isPolluted, isRegional, isTributary) VALUES ('Missouri', 2478, 1371010, 3767, '44.550904,  -111.472626', '38.814229,  -90.121673', 1, 1, 0, 1);
INSERT INTO river (localName, averageDischarge, catchmentBasin, length, sourceLocation, mouthLocation, isNavigable, isPolluted, isRegional, isTributary) VALUES ('Mogoro', NULL, NULL, NULL, '39.748146,  8.941681', '39.703380,  8.555155', 0, 1, 1, 0);
INSERT INTO river (localName, averageDischarge, catchmentBasin, length, sourceLocation, mouthLocation, isNavigable, isPolluted, isRegional, isTributary) VALUES ('Mose', 350, 34548, 925, '47.974250,  5.633138', '51.719735,  4.672916', 1, 1, 0, 0);
INSERT INTO river (localName, averageDischarge, catchmentBasin, length, sourceLocation, mouthLocation, isNavigable, isPolluted, isRegional, isTributary) VALUES ('Narmada', 1447, 93180, 1315, '22.677053,  81.768599', '21.654035,  72.778059', 1, 1, 0, 0);
INSERT INTO river (localName, averageDischarge, catchmentBasin, length, sourceLocation, mouthLocation, isNavigable, isPolluted, isRegional, isTributary) VALUES ('Nera', NULL, NULL, NULL, NULL, NULL, 0, NULL, 1, 1);
INSERT INTO river (localName, averageDischarge, catchmentBasin, length, sourceLocation, mouthLocation, isNavigable, isPolluted, isRegional, isTributary) VALUES ('Neto', 11, 1070, 80, '39.301580,  16.680499', '39.203893,  17.147672', 0, 0, 1, 0);
INSERT INTO river (localName, averageDischarge, catchmentBasin, length, sourceLocation, mouthLocation, isNavigable, isPolluted, isRegional, isTributary) VALUES ('Neva', NULL, NULL, NULL, NULL, NULL, NULL, NULL, 0, 0);
INSERT INTO river (localName, averageDischarge, catchmentBasin, length, sourceLocation, mouthLocation, isNavigable, isPolluted, isRegional, isTributary) VALUES ('Ngaruroro', NULL, NULL, NULL, NULL, NULL, 0, NULL, 1, 0);
INSERT INTO river (localName, averageDischarge, catchmentBasin, length, sourceLocation, mouthLocation, isNavigable, isPolluted, isRegional, isTributary) VALUES ('Niger', 5589, 2117700, 4180, '9.596717,  -10.869100', '5.327529,  6.446965', 1, 1, 0, 0);
INSERT INTO river (localName, averageDischarge, catchmentBasin, length, sourceLocation, mouthLocation, isNavigable, isPolluted, isRegional, isTributary) VALUES ('Nile', 2830, 3400000, 6853, '0.416550,  33.195600', '30.172476,  31.140001', 1, 1, 0, 0);
INSERT INTO river (localName, averageDischarge, catchmentBasin, length, sourceLocation, mouthLocation, isNavigable, isPolluted, isRegional, isTributary) VALUES ('Nure', NULL, NULL, NULL, NULL, NULL, 0, NULL, 1, 1);
INSERT INTO river (localName, averageDischarge, catchmentBasin, length, sourceLocation, mouthLocation, isNavigable, isPolluted, isRegional, isTributary) VALUES ('Ob', 12475, 2972497, 3650, '52.428392,  85.021550', '66.787780,  69.118569', 1, 1, 0, 0);
INSERT INTO river (localName, averageDischarge, catchmentBasin, length, sourceLocation, mouthLocation, isNavigable, isPolluted, isRegional, isTributary) VALUES ('Oder', 574, 118861, 854, '49.613342,  17.519738', '53.597207,  14.590388', 1, 1, 0, 0);
INSERT INTO river (localName, averageDischarge, catchmentBasin, length, sourceLocation, mouthLocation, isNavigable, isPolluted, isRegional, isTributary) VALUES ('Ofanto', 14, 2780, 170, '40.923321,  15.090808', '41.358613,  16.197283', 0, 1, 1, 0);
INSERT INTO river (localName, averageDischarge, catchmentBasin, length, sourceLocation, mouthLocation, isNavigable, isPolluted, isRegional, isTributary) VALUES ('Oglio', 137, 6649, 280, '46.259115,  10.507907', '45.044772,  10.660233', 0, 0, 1, 1);
INSERT INTO river (localName, averageDischarge, catchmentBasin, length, sourceLocation, mouthLocation, isNavigable, isPolluted, isRegional, isTributary) VALUES ('Okavango', 475, 530000, 1700, '-12.709988,  16.062625', '-18.275323,  21.787941', 1, 0, 0, 0);
INSERT INTO river (localName, averageDischarge, catchmentBasin, length, sourceLocation, mouthLocation, isNavigable, isPolluted, isRegional, isTributary) VALUES ('Olona', 14, 1038, 117, '45.870006,  8.804340', '45.239196,  9.419061', 0, 1, 1, 1);
INSERT INTO river (localName, averageDischarge, catchmentBasin, length, sourceLocation, mouthLocation, isNavigable, isPolluted, isRegional, isTributary) VALUES ('Ombrone', 32, 3494, 160, '43.399957,  11.495190', '42.661069,  11.014835', 0, 0, 1, 0);
INSERT INTO river (localName, averageDischarge, catchmentBasin, length, sourceLocation, mouthLocation, isNavigable, isPolluted, isRegional, isTributary) VALUES ('Orange', 365, 973000, 2200, '-28.887205,  29.020270', '-28.636134,  16.458585', 0, 0, 0, 0);
INSERT INTO river (localName, averageDischarge, catchmentBasin, length, sourceLocation, mouthLocation, isNavigable, isPolluted, isRegional, isTributary) VALUES ('Oreti', NULL, NULL, NULL, '-45.154634,  168.208318', '-46.459967,  168.295724', 0, 0, 1, 0);
INSERT INTO river (localName, averageDischarge, catchmentBasin, length, sourceLocation, mouthLocation, isNavigable, isPolluted, isRegional, isTributary) VALUES ('Orinoco', 33000, 880000, 2140, '2.424723,  -63.485707', '8.593893,  -61.663000', 1, 1, 0, 0);
INSERT INTO river (localName, averageDischarge, catchmentBasin, length, sourceLocation, mouthLocation, isNavigable, isPolluted, isRegional, isTributary) VALUES ('Orongorongo', NULL, NULL, NULL, '-41.217604,  175.076699', '-41.418829,  174.901048', 0, 0, 1, 0);
INSERT INTO river (localName, averageDischarge, catchmentBasin, length, sourceLocation, mouthLocation, isNavigable, isPolluted, isRegional, isTributary) VALUES ('Otaki', NULL, NULL, NULL, '-40.745482,  175.411608', '-40.760528,  175.099861', 0, 0, 1, 0);
INSERT INTO river (localName, averageDischarge, catchmentBasin, length, sourceLocation, mouthLocation, isNavigable, isPolluted, isRegional, isTributary) VALUES ('Panaro', 37, 2292, 148, '44.116599,  10.602153', '44.926034,  11.423596', 0, 1, 1, 1);
INSERT INTO river (localName, averageDischarge, catchmentBasin, length, sourceLocation, mouthLocation, isNavigable, isPolluted, isRegional, isTributary) VALUES ('Paraguay', 4316, 1170000, 2626, '-14.614422,  -56.488877', '-27.290681,  -58.608005', 1, 1, 0, 1);
INSERT INTO river (localName, averageDischarge, catchmentBasin, length, sourceLocation, mouthLocation, isNavigable, isPolluted, isRegional, isTributary) VALUES ('Paraná', 17290, 2582672, 4880, '-20.075732,  -50.999591', '-34.004925,  -58.396738', 1, 1, 0, 0);
INSERT INTO river (localName, averageDischarge, catchmentBasin, length, sourceLocation, mouthLocation, isNavigable, isPolluted, isRegional, isTributary) VALUES ('Parma', NULL, NULL, NULL, NULL, NULL, 0, NULL, 1, 1);
INSERT INTO river (localName, averageDischarge, catchmentBasin, length, sourceLocation, mouthLocation, isNavigable, isPolluted, isRegional, isTributary) VALUES ('Piave', 125, 4126, 231, '46.623373,  12.709907', '45.529247,  12.728115', 0, 0, 1, 0);
INSERT INTO river (localName, averageDischarge, catchmentBasin, length, sourceLocation, mouthLocation, isNavigable, isPolluted, isRegional, isTributary) VALUES ('Pilcomayo', 175, 270000, 2426, '-19.194184,  -66.527990', '-25.354048,  -57.666084', 1, 1, 0, 1);
INSERT INTO river (localName, averageDischarge, catchmentBasin, length, sourceLocation, mouthLocation, isNavigable, isPolluted, isRegional, isTributary) VALUES ('Platte', 199, 219916, 499, '41.115356,  -100.682047', '41.053933,  -95.881281', 0, 1, 0, 1);
INSERT INTO river (localName, averageDischarge, catchmentBasin, length, sourceLocation, mouthLocation, isNavigable, isPolluted, isRegional, isTributary) VALUES ('Po', 1540, 71000, 652, '44.700474,  7.092416', '44.971093,  12.547879', 1, 1, 0, 0);
INSERT INTO river (localName, averageDischarge, catchmentBasin, length, sourceLocation, mouthLocation, isNavigable, isPolluted, isRegional, isTributary) VALUES ('Prut', 405, 27500, 953, '48.154024,  24.505355', '45.468977,  28.207610', 1, 1, 0, 1);
INSERT INTO river (localName, averageDischarge, catchmentBasin, length, sourceLocation, mouthLocation, isNavigable, isPolluted, isRegional, isTributary) VALUES ('Purus', 8400, 63166, 2960, '-10.748942,  -71.787460', '-3.682156,  -61.472639', 1, 1, 0, 1);
INSERT INTO river (localName, averageDischarge, catchmentBasin, length, sourceLocation, mouthLocation, isNavigable, isPolluted, isRegional, isTributary) VALUES ('Putumayo', 8760, 148000, 1813, '1.291115,  -76.906949', '-3.136032,  -67.976019', 1, 1, 0, 1);
INSERT INTO river (localName, averageDischarge, catchmentBasin, length, sourceLocation, mouthLocation, isNavigable, isPolluted, isRegional, isTributary) VALUES ('Rakaia', NULL, NULL, NULL, '-43.286882,  170.926753', '-43.900538,  172.211218', 0, 0, 1, 0);
INSERT INTO river (localName, averageDischarge, catchmentBasin, length, sourceLocation, mouthLocation, isNavigable, isPolluted, isRegional, isTributary) VALUES ('Rangitikei', NULL, NULL, NULL, '-39.643029,  176.044769', '-40.301214,  175.222730', 0, 0, 1, 0);
INSERT INTO river (localName, averageDischarge, catchmentBasin, length, sourceLocation, mouthLocation, isNavigable, isPolluted, isRegional, isTributary) VALUES ('Reno', NULL, NULL, NULL, '44.008527,  10.820501', '44.591137,  12.280208', 0, 0, 1, 0);
INSERT INTO river (localName, averageDischarge, catchmentBasin, length, sourceLocation, mouthLocation, isNavigable, isPolluted, isRegional, isTributary) VALUES ('Rhein', 2900, 185300, 1232, '46.823471,  9.407543', '51.726051,  4.673241', 1, 1, 0, 0);
INSERT INTO river (localName, averageDischarge, catchmentBasin, length, sourceLocation, mouthLocation, isNavigable, isPolluted, isRegional, isTributary) VALUES ('Rhône', 1710, 1690, 812, '46.580423,  8.381156', '43.333553,  4.844505', 1, 0, 0, 0);
INSERT INTO river (localName, averageDischarge, catchmentBasin, length, sourceLocation, mouthLocation, isNavigable, isPolluted, isRegional, isTributary) VALUES ('Romanche', 38, 1222, 78, '44.961798,  6.344498', '45.090377,  5.725118', 0, 0, 1, 1);
INSERT INTO river (localName, averageDischarge, catchmentBasin, length, sourceLocation, mouthLocation, isNavigable, isPolluted, isRegional, isTributary) VALUES ('Roya', 15, 660, 59, '44.151588,  7.579888', '43.788045,  7.605868', 0, 0, 1, 0);
INSERT INTO river (localName, averageDischarge, catchmentBasin, length, sourceLocation, mouthLocation, isNavigable, isPolluted, isRegional, isTributary) VALUES ('Ruamahanga', NULL, NULL, NULL, '-40.737154,  175.453442', '-41.398556,  175.143396', 0, 0, 1, 0);
INSERT INTO river (localName, averageDischarge, catchmentBasin, length, sourceLocation, mouthLocation, isNavigable, isPolluted, isRegional, isTributary) VALUES ('Salso', 5, 2122, 144, '37.843717,  14.071087', '37.100545,  13.947205', 0, 1, 1, 0);
INSERT INTO river (localName, averageDischarge, catchmentBasin, length, sourceLocation, mouthLocation, isNavigable, isPolluted, isRegional, isTributary) VALUES ('Sangro', 20, 1515, 117, '41.856098,  13.688568', '42.236339,  14.542656', 0, 0, 1, 0);
INSERT INTO river (localName, averageDischarge, catchmentBasin, length, sourceLocation, mouthLocation, isNavigable, isPolluted, isRegional, isTributary) VALUES ('Saône', 473, 29950, 480, '48.092166,  6.179817', '45.727661,  4.818609', 1, 0, 1, 1);
INSERT INTO river (localName, averageDischarge, catchmentBasin, length, sourceLocation, mouthLocation, isNavigable, isPolluted, isRegional, isTributary) VALUES ('Sava', 1609, 97713, 990, '46.492460,  13.737801', '44.832024,  20.450418', 1, 1, 0, 1);
INSERT INTO river (localName, averageDischarge, catchmentBasin, length, sourceLocation, mouthLocation, isNavigable, isPolluted, isRegional, isTributary) VALUES ('Scrivia', 19, 1145, 117, '44.508016,  9.170813', '45.055308,  8.902262', 0, 0, 1, 1);
INSERT INTO river (localName, averageDischarge, catchmentBasin, length, sourceLocation, mouthLocation, isNavigable, isPolluted, isRegional, isTributary) VALUES ('Secchia', 42, 2292, 172, '44.320779,  10.199280', '45.062248,  11.005766', 0, 0, 1, 1);
INSERT INTO river (localName, averageDischarge, catchmentBasin, length, sourceLocation, mouthLocation, isNavigable, isPolluted, isRegional, isTributary) VALUES ('Seine', 563, 79000, 777, '47.485975,  4.716982', '49.436344,  0.266972', 1, 1, 0, 0);
INSERT INTO river (localName, averageDischarge, catchmentBasin, length, sourceLocation, mouthLocation, isNavigable, isPolluted, isRegional, isTributary) VALUES ('Sele', 69, 3223, 64, '40.823357,  15.215496', '40.481841,  14.942628', 0, 1, 1, 0);
INSERT INTO river (localName, averageDischarge, catchmentBasin, length, sourceLocation, mouthLocation, isNavigable, isPolluted, isRegional, isTributary) VALUES ('Serchio', 46, 1565, 111, '44.257136,  10.257312', '43.785821,  10.266241', 0, 0, 1, 0);
INSERT INTO river (localName, averageDischarge, catchmentBasin, length, sourceLocation, mouthLocation, isNavigable, isPolluted, isRegional, isTributary) VALUES ('Seveso', NULL, NULL, NULL, '45.818336,  9.032485', '45.403131,  9.302632', 0, 1, 1, 1);
INSERT INTO river (localName, averageDischarge, catchmentBasin, length, sourceLocation, mouthLocation, isNavigable, isPolluted, isRegional, isTributary) VALUES ('Shannon', 208, 15695, 360, '54.234712,  -7.918949', '52.676291,  -8.755704', 1, 1, 0, 0);
INSERT INTO river (localName, averageDischarge, catchmentBasin, length, sourceLocation, mouthLocation, isNavigable, isPolluted, isRegional, isTributary) VALUES ('Sieve', NULL, NULL, NULL, '44.007336,  11.177972', '43.770231,  11.441318', 0, 0, 1, 1);
INSERT INTO river (localName, averageDischarge, catchmentBasin, length, sourceLocation, mouthLocation, isNavigable, isPolluted, isRegional, isTributary) VALUES ('Sile', NULL, NULL, NULL, '45.643068,  12.038260', '45.478000,  12.584483', 0, 0, 1, 0);
INSERT INTO river (localName, averageDischarge, catchmentBasin, length, sourceLocation, mouthLocation, isNavigable, isPolluted, isRegional, isTributary) VALUES ('Simeto', 25, 4186, 113, '37.872831,  14.632398', '37.400456,  15.089789', 0, 0, 1, 0);
INSERT INTO river (localName, averageDischarge, catchmentBasin, length, sourceLocation, mouthLocation, isNavigable, isPolluted, isRegional, isTributary) VALUES ('Sinni', 15, 1292, 94, '40.147736,  15.868501', '40.153304,  16.690655', 0, 0, 1, 0);
INSERT INTO river (localName, averageDischarge, catchmentBasin, length, sourceLocation, mouthLocation, isNavigable, isPolluted, isRegional, isTributary) VALUES ('Stura di Demonte', 35, 1471, 115, '44.417524,  6.904213', '44.651018,  7.882106', 0, 0, 1, 1);
INSERT INTO river (localName, averageDischarge, catchmentBasin, length, sourceLocation, mouthLocation, isNavigable, isPolluted, isRegional, isTributary) VALUES ('Stura di Lanzo', 26, 885, 68, '45.323295,  7.137624', '45.094952,  7.725558', 0, 0, 1, 1);
INSERT INTO river (localName, averageDischarge, catchmentBasin, length, sourceLocation, mouthLocation, isNavigable, isPolluted, isRegional, isTributary) VALUES ('Stura di Ovada', 4, 134, 33, '44.502414,  8.819123', '44.646136,  8.649266', 0, 0, 1, 1);
INSERT INTO river (localName, averageDischarge, catchmentBasin, length, sourceLocation, mouthLocation, isNavigable, isPolluted, isRegional, isTributary) VALUES ('Tagliamento', 70, 2916, 170, '46.450009,  12.521824', '45.644000,  13.099636', 0, 0, 1, 0);
INSERT INTO river (localName, averageDischarge, catchmentBasin, length, sourceLocation, mouthLocation, isNavigable, isPolluted, isRegional, isTributary) VALUES ('Tajo', 444, 80600, 1007, '40.320965,  -1.697303', '38.671155,  -9.307583', 1, 1, 0, 0);
INSERT INTO river (localName, averageDischarge, catchmentBasin, length, sourceLocation, mouthLocation, isNavigable, isPolluted, isRegional, isTributary) VALUES ('Tanaro', 116, 8175, 276, '44.142777,  7.677322', '45.006180,  8.767221', 0, 0, 1, 1);
INSERT INTO river (localName, averageDischarge, catchmentBasin, length, sourceLocation, mouthLocation, isNavigable, isPolluted, isRegional, isTributary) VALUES ('Tapajós', 13500, 764183, 1784, '-7.351154,  -58.133583', '-2.409609,  -54.715860', 1, 0, 0, 1);
INSERT INTO river (localName, averageDischarge, catchmentBasin, length, sourceLocation, mouthLocation, isNavigable, isPolluted, isRegional, isTributary) VALUES ('Tarawera', NULL, NULL, NULL, '-38.183484,  176.500338', '-37.889724,  176.788472', 0, 0, 1, 0);
INSERT INTO river (localName, averageDischarge, catchmentBasin, length, sourceLocation, mouthLocation, isNavigable, isPolluted, isRegional, isTributary) VALUES ('Tarn', 233, 15700, 380, '44.415022,  3.811957', '44.086755,  1.042629', 0, 1, 1, 1);
INSERT INTO river (localName, averageDischarge, catchmentBasin, length, sourceLocation, mouthLocation, isNavigable, isPolluted, isRegional, isTributary) VALUES ('Taro', 40, 2026, 126, '44.477514,  9.497451', '45.003810,  10.258416', 0, 0, 1, 1);
INSERT INTO river (localName, averageDischarge, catchmentBasin, length, sourceLocation, mouthLocation, isNavigable, isPolluted, isRegional, isTributary) VALUES ('Terdoppio', NULL, NULL, NULL, '45.634647,  8.551659', '45.400543,  8.813779', 0, 0, 1, 1);
INSERT INTO river (localName, averageDischarge, catchmentBasin, length, sourceLocation, mouthLocation, isNavigable, isPolluted, isRegional, isTributary) VALUES ('Tevere', 240, 17375, 405, '43.786997,  12.076175', '41.740465,  12.232975', 1, 1, 0, 0);
INSERT INTO river (localName, averageDischarge, catchmentBasin, length, sourceLocation, mouthLocation, isNavigable, isPolluted, isRegional, isTributary) VALUES ('Thames', 66, 12935, 346, '51.687540,  -2.022489', '51.495323,  0.497233', 1, 1, 1, 0);
INSERT INTO river (localName, averageDischarge, catchmentBasin, length, sourceLocation, mouthLocation, isNavigable, isPolluted, isRegional, isTributary) VALUES ('Ticino', 350, 7228, 248, '46.488759,  8.400036', '45.142573,  9.228503', 0, 1, 1, 1);
INSERT INTO river (localName, averageDischarge, catchmentBasin, length, sourceLocation, mouthLocation, isNavigable, isPolluted, isRegional, isTributary) VALUES ('Tidone', NULL, NULL, NULL, '44.801023,  9.313996', '45.078697,  9.531892', 0, 0, 1, 1);
INSERT INTO river (localName, averageDischarge, catchmentBasin, length, sourceLocation, mouthLocation, isNavigable, isPolluted, isRegional, isTributary) VALUES ('Tietê', 2500, 150000, 1150, '-23.572350,  -45.734817', '-20.628212,  -51.564661', 1, 1, 0, 1);
INSERT INTO river (localName, averageDischarge, catchmentBasin, length, sourceLocation, mouthLocation, isNavigable, isPolluted, isRegional, isTributary) VALUES ('Tirso', NULL, NULL, NULL, '40.560548,  9.346823', '39.884819,  8.540185', 0, 0, 1, 0);
INSERT INTO river (localName, averageDischarge, catchmentBasin, length, sourceLocation, mouthLocation, isNavigable, isPolluted, isRegional, isTributary) VALUES ('Tocantins', 11364, 749200, 2450, '-15.349062,  -47.715309', '-1.750110,  -49.196819', 1, 0, 0, 1);
INSERT INTO river (localName, averageDischarge, catchmentBasin, length, sourceLocation, mouthLocation, isNavigable, isPolluted, isRegional, isTributary) VALUES ('Trebbia', 40, 1000, 118, '44.538704,  9.157555', '45.070717,  9.684710', 0, 0, 1, 1);
INSERT INTO river (localName, averageDischarge, catchmentBasin, length, sourceLocation, mouthLocation, isNavigable, isPolluted, isRegional, isTributary) VALUES ('Trigno', 12, 1200, 85, '41.776972,  14.244774', '42.062963,  14.797520', 0, 0, 1, 0);
INSERT INTO river (localName, averageDischarge, catchmentBasin, length, sourceLocation, mouthLocation, isNavigable, isPolluted, isRegional, isTributary) VALUES ('Tronto', 17, 1192, 115, '42.610907,  13.319314', '42.894918,  13.915515', 0, 0, 1, 0);
INSERT INTO river (localName, averageDischarge, catchmentBasin, length, sourceLocation, mouthLocation, isNavigable, isPolluted, isRegional, isTributary) VALUES ('Uawa', NULL, NULL, NULL, '-38.157759,  178.250187', '-38.373863,  178.307458', 0, 0, 1, 0);
INSERT INTO river (localName, averageDischarge, catchmentBasin, length, sourceLocation, mouthLocation, isNavigable, isPolluted, isRegional, isTributary) VALUES ('Ubaye', 20, 1011, 82, '44.621098,  6.967112', '44.453077,  6.386196', 0, 0, 1, 1);
INSERT INTO river (localName, averageDischarge, catchmentBasin, length, sourceLocation, mouthLocation, isNavigable, isPolluted, isRegional, isTributary) VALUES ('Ural', 400, 231000, 2428, '54.701893,  59.426709', '46.830407,  51.531407', 1, 1, 0, 0);
INSERT INTO river (localName, averageDischarge, catchmentBasin, length, sourceLocation, mouthLocation, isNavigable, isPolluted, isRegional, isTributary) VALUES ('Uruguay', 5500, 365000, 1838, '-27.606949,  -51.457139', '-33.929877,  -58.411153', 1, 1, 0, 0);
INSERT INTO river (localName, averageDischarge, catchmentBasin, length, sourceLocation, mouthLocation, isNavigable, isPolluted, isRegional, isTributary) VALUES ('Var', 49, 2819, 113, '44.240878,  6.752554', '43.653918,  7.199882', 0, 0, 1, 0);
INSERT INTO river (localName, averageDischarge, catchmentBasin, length, sourceLocation, mouthLocation, isNavigable, isPolluted, isRegional, isTributary) VALUES ('Verdon', 27, 2294, 165, '44.321765,  6.547470', '43.718471,  5.746792', 0, 0, 1, 1);
INSERT INTO river (localName, averageDischarge, catchmentBasin, length, sourceLocation, mouthLocation, isNavigable, isPolluted, isRegional, isTributary) VALUES ('Visla', 1080, 194424, 1047, '49.614965,  18.924234', '54.360647,  18.951313', 1, 1, 0, 0);
INSERT INTO river (localName, averageDischarge, catchmentBasin, length, sourceLocation, mouthLocation, isNavigable, isPolluted, isRegional, isTributary) VALUES ('Volga', 8060, 1380000, 3692, '57.251291,  32.468108', '46.737918,  47.847426', 1, 1, 0, 0);
INSERT INTO river (localName, averageDischarge, catchmentBasin, length, sourceLocation, mouthLocation, isNavigable, isPolluted, isRegional, isTributary) VALUES ('Volturno', 82, 5500, 175, '41.637674,  14.071806', '41.022665,  13.924891', 0, 1, 1, 0);
INSERT INTO river (localName, averageDischarge, catchmentBasin, length, sourceLocation, mouthLocation, isNavigable, isPolluted, isRegional, isTributary) VALUES ('Waikanae', NULL, NULL, NULL, '-40.865836,  175.170748', '-40.874048,  175.000875', 0, 0, 1, 0);
INSERT INTO river (localName, averageDischarge, catchmentBasin, length, sourceLocation, mouthLocation, isNavigable, isPolluted, isRegional, isTributary) VALUES ('Waikato', NULL, NULL, NULL, '-38.687032,  176.063644', '-37.355490,  174.691595', 1, 1, 0, 0);
INSERT INTO river (localName, averageDischarge, catchmentBasin, length, sourceLocation, mouthLocation, isNavigable, isPolluted, isRegional, isTributary) VALUES ('Wainuiomata', NULL, NULL, NULL, '-41.249831,  175.018451', '-41.411418,  174.876954', 0, 1, 1, 0);
INSERT INTO river (localName, averageDischarge, catchmentBasin, length, sourceLocation, mouthLocation, isNavigable, isPolluted, isRegional, isTributary) VALUES ('Waitaki', NULL, NULL, NULL, '-44.689951,  170.427879', '-44.941316,  171.146785', 0, 0, 1, 0);
INSERT INTO river (localName, averageDischarge, catchmentBasin, length, sourceLocation, mouthLocation, isNavigable, isPolluted, isRegional, isTributary) VALUES ('Xingu', 9680, 520300, 1640, '-12.925315,  -52.826090', '-1.683832,  -52.234294', 1, 0, 0, 1);
INSERT INTO river (localName, averageDischarge, catchmentBasin, length, sourceLocation, mouthLocation, isNavigable, isPolluted, isRegional, isTributary) VALUES ('Yangtze', 30166, 1808500, 6300, '33.466171,  91.198821', '31.756117,  121.109391', 1, 1, 0, 0);
INSERT INTO river (localName, averageDischarge, catchmentBasin, length, sourceLocation, mouthLocation, isNavigable, isPolluted, isRegional, isTributary) VALUES ('Yukon', 6430, 854700, 3190, '59.121301,  -133.923923', '62.408048,  -163.823322', 1, 1, 0, 0);
INSERT INTO river (localName, averageDischarge, catchmentBasin, length, sourceLocation, mouthLocation, isNavigable, isPolluted, isRegional, isTributary) VALUES ('Zambezi', 3400, 1390000, 2574, '-11.369055,  24.308440', '-18.591336,  36.249883', 1, 1, 0, 0);


DROP TABLE IF EXISTS country;
CREATE TABLE country (
    localName VARCHAR(45) NOT NULL,
    countryName VARCHAR(45) NOT NULL,
    PRIMARY KEY (localName , countryName),
    FOREIGN KEY (localName)
        REFERENCES river (localName)
        ON DELETE CASCADE ON UPDATE CASCADE
)  ENGINE=INNODB DEFAULT CHARSET=UTF8;


INSERT INTO country (localName, countryName) VALUES ('Adda', 'Italy');
INSERT INTO country (localName, countryName) VALUES ('Adda', 'Switzerland');
INSERT INTO country (localName, countryName) VALUES ('Adige', 'Italy');
INSERT INTO country (localName, countryName) VALUES ('Agly', 'France');
INSERT INTO country (localName, countryName) VALUES ('Agogna', 'Italy');
INSERT INTO country (localName, countryName) VALUES ('Agri', 'Italy');
INSERT INTO country (localName, countryName) VALUES ('Alcantara', 'Italy');
INSERT INTO country (localName, countryName) VALUES ('Amarumayo', 'Bolivia');
INSERT INTO country (localName, countryName) VALUES ('Amarumayo', 'Peru');
INSERT INTO country (localName, countryName) VALUES ('Amur', 'China');
INSERT INTO country (localName, countryName) VALUES ('Amur', 'Russia');
INSERT INTO country (localName, countryName) VALUES ('Aniene', 'Italy');
INSERT INTO country (localName, countryName) VALUES ('Araguaia', 'Brazil');
INSERT INTO country (localName, countryName) VALUES ('Arc', 'France');
INSERT INTO country (localName, countryName) VALUES ('Arda', 'Italy');
INSERT INTO country (localName, countryName) VALUES ('Arno', 'Italy');
INSERT INTO country (localName, countryName) VALUES ('Aterno', 'Italy');
INSERT INTO country (localName, countryName) VALUES ('Aude', 'France');
INSERT INTO country (localName, countryName) VALUES ('Bacchiglione', 'Italy');
INSERT INTO country (localName, countryName) VALUES ('Basento', 'Italy');
INSERT INTO country (localName, countryName) VALUES ('Biferno', 'Italy');
INSERT INTO country (localName, countryName) VALUES ('Bradano', 'Italy');
INSERT INTO country (localName, countryName) VALUES ('Brahmaputra', 'Bangladesh');
INSERT INTO country (localName, countryName) VALUES ('Brahmaputra', 'China');
INSERT INTO country (localName, countryName) VALUES ('Brahmaputra', 'India');
INSERT INTO country (localName, countryName) VALUES ('Brenta', 'Italy');
INSERT INTO country (localName, countryName) VALUES ('Candelaro', 'Italy');
INSERT INTO country (localName, countryName) VALUES ('Carapelle', 'Italy');
INSERT INTO country (localName, countryName) VALUES ('Cellina', 'Italy');
INSERT INTO country (localName, countryName) VALUES ('Ceno', 'Italy');
INSERT INTO country (localName, countryName) VALUES ('Cervaro', 'Italy');
INSERT INTO country (localName, countryName) VALUES ('Cervo', 'Italy');
INSERT INTO country (localName, countryName) VALUES ('Chiese', 'Italy');
INSERT INTO country (localName, countryName) VALUES ('Coghinas', 'Italy');
INSERT INTO country (localName, countryName) VALUES ('Conca', 'Italy');
INSERT INTO country (localName, countryName) VALUES ('Congo', 'Angola');
INSERT INTO country (localName, countryName) VALUES ('Congo', 'Burundi');
INSERT INTO country (localName, countryName) VALUES ('Congo', 'Cameroon');
INSERT INTO country (localName, countryName) VALUES ('Congo', 'Congo');
INSERT INTO country (localName, countryName) VALUES ('Congo', 'Gabon');
INSERT INTO country (localName, countryName) VALUES ('Congo', 'Rwanda');
INSERT INTO country (localName, countryName) VALUES ('Congo', 'Tanzania');
INSERT INTO country (localName, countryName) VALUES ('Congo', 'Zaire');
INSERT INTO country (localName, countryName) VALUES ('Congo', 'Zambia');
INSERT INTO country (localName, countryName) VALUES ('Crati', 'Italy');
INSERT INTO country (localName, countryName) VALUES ('Danube', 'Austria');
INSERT INTO country (localName, countryName) VALUES ('Danube', 'Bulgaria');
INSERT INTO country (localName, countryName) VALUES ('Danube', 'Croatia');
INSERT INTO country (localName, countryName) VALUES ('Danube', 'Germany');
INSERT INTO country (localName, countryName) VALUES ('Danube', 'Hungary');
INSERT INTO country (localName, countryName) VALUES ('Danube', 'Moldova');
INSERT INTO country (localName, countryName) VALUES ('Danube', 'Romania');
INSERT INTO country (localName, countryName) VALUES ('Danube', 'Serbia');
INSERT INTO country (localName, countryName) VALUES ('Danube', 'Slovakia');
INSERT INTO country (localName, countryName) VALUES ('Danube', 'Ukraine');
INSERT INTO country (localName, countryName) VALUES ('Dnieper', 'Belarus');
INSERT INTO country (localName, countryName) VALUES ('Dnieper', 'Russia');
INSERT INTO country (localName, countryName) VALUES ('Dnieper', 'Ukraine');
INSERT INTO country (localName, countryName) VALUES ('Don', 'Russia');
INSERT INTO country (localName, countryName) VALUES ('Dora Baltea', 'Italy');
INSERT INTO country (localName, countryName) VALUES ('Dora Baltea', 'Switzerland');
INSERT INTO country (localName, countryName) VALUES ('Dora Riparia', 'France');
INSERT INTO country (localName, countryName) VALUES ('Dora Riparia', 'Italy');
INSERT INTO country (localName, countryName) VALUES ('Dordogne', 'France');
INSERT INTO country (localName, countryName) VALUES ('Drac', 'France');
INSERT INTO country (localName, countryName) VALUES ('Drava', 'Croatia');
INSERT INTO country (localName, countryName) VALUES ('Drava', 'Hungary');
INSERT INTO country (localName, countryName) VALUES ('Drava', 'Italy');
INSERT INTO country (localName, countryName) VALUES ('Drava', 'Slovenia');
INSERT INTO country (localName, countryName) VALUES ('Drôme', 'France');
INSERT INTO country (localName, countryName) VALUES ('Duero', 'Portugal');
INSERT INTO country (localName, countryName) VALUES ('Duero', 'Spain');
INSERT INTO country (localName, countryName) VALUES ('Durance', 'France');
INSERT INTO country (localName, countryName) VALUES ('Ebro', 'Spain');
INSERT INTO country (localName, countryName) VALUES ('Elbe', 'Czech Republic');
INSERT INTO country (localName, countryName) VALUES ('Elbe', 'Germany');
INSERT INTO country (localName, countryName) VALUES ('Elvo', 'Italy');
INSERT INTO country (localName, countryName) VALUES ('Enza', 'Italy');
INSERT INTO country (localName, countryName) VALUES ('Esino', 'Italy');
INSERT INTO country (localName, countryName) VALUES ('Flumendosa', 'Italy');
INSERT INTO country (localName, countryName) VALUES ('Foglia', 'Italy');
INSERT INTO country (localName, countryName) VALUES ('Fortore', 'Italy');
INSERT INTO country (localName, countryName) VALUES ('Gail', 'Austria');
INSERT INTO country (localName, countryName) VALUES ('Ganges', 'Bangladesh');
INSERT INTO country (localName, countryName) VALUES ('Ganges', 'India');
INSERT INTO country (localName, countryName) VALUES ('Gard', 'France');
INSERT INTO country (localName, countryName) VALUES ('Garonne', 'France');
INSERT INTO country (localName, countryName) VALUES ('Garonne', 'Spain');
INSERT INTO country (localName, countryName) VALUES ('Godavari', 'India');
INSERT INTO country (localName, countryName) VALUES ('Guadalquivir', 'Spain');
INSERT INTO country (localName, countryName) VALUES ('Guadiana', 'Portugal');
INSERT INTO country (localName, countryName) VALUES ('Guadiana', 'Spain');
INSERT INTO country (localName, countryName) VALUES ('Henares', 'Spain');
INSERT INTO country (localName, countryName) VALUES ('Heretaunga', 'New Zealand');
INSERT INTO country (localName, countryName) VALUES ('Huang He', 'China');
INSERT INTO country (localName, countryName) VALUES ('Ienisseï', 'Mongolia');
INSERT INTO country (localName, countryName) VALUES ('Ienisseï', 'Russia');
INSERT INTO country (localName, countryName) VALUES ('Irtyš', 'China');
INSERT INTO country (localName, countryName) VALUES ('Irtyš', 'Kazakhstan');
INSERT INTO country (localName, countryName) VALUES ('Irtyš', 'Mongolia');
INSERT INTO country (localName, countryName) VALUES ('Irtyš', 'Russia');
INSERT INTO country (localName, countryName) VALUES ('Isère', 'France');
INSERT INTO country (localName, countryName) VALUES ('Isonzo', 'Italy');
INSERT INTO country (localName, countryName) VALUES ('Isonzo', 'Slovenia');
INSERT INTO country (localName, countryName) VALUES ('Kaituna', 'New Zealand');
INSERT INTO country (localName, countryName) VALUES ('Kereu', 'New Zealand');
INSERT INTO country (localName, countryName) VALUES ('Lambro', 'Italy');
INSERT INTO country (localName, countryName) VALUES ('Léna', 'Russia');
INSERT INTO country (localName, countryName) VALUES ('Liffey', 'Ireland');
INSERT INTO country (localName, countryName) VALUES ('Liri', 'Italy');
INSERT INTO country (localName, countryName) VALUES ('Livenza', 'Italy');
INSERT INTO country (localName, countryName) VALUES ('Llobregat', 'Spain');
INSERT INTO country (localName, countryName) VALUES ('Loire', 'France');
INSERT INTO country (localName, countryName) VALUES ('Madeira', 'Bolivia');
INSERT INTO country (localName, countryName) VALUES ('Madeira', 'Brazil');
INSERT INTO country (localName, countryName) VALUES ('Magra', 'Italy');
INSERT INTO country (localName, countryName) VALUES ('Manawatu', 'New Zealand');
INSERT INTO country (localName, countryName) VALUES ('Marañón', 'Ecuador');
INSERT INTO country (localName, countryName) VALUES ('Marañón', 'Peru');
INSERT INTO country (localName, countryName) VALUES ('Marecchia', 'Italy');
INSERT INTO country (localName, countryName) VALUES ('Marne', 'France');
INSERT INTO country (localName, countryName) VALUES ('Mekong', 'Cambodia');
INSERT INTO country (localName, countryName) VALUES ('Mekong', 'China');
INSERT INTO country (localName, countryName) VALUES ('Mekong', 'Laos');
INSERT INTO country (localName, countryName) VALUES ('Mekong', 'Myanmar');
INSERT INTO country (localName, countryName) VALUES ('Mekong', 'Thailand');
INSERT INTO country (localName, countryName) VALUES ('Mekong', 'Vietnam');
INSERT INTO country (localName, countryName) VALUES ('Metauro', 'Italy');
INSERT INTO country (localName, countryName) VALUES ('Mincio', 'Italy');
INSERT INTO country (localName, countryName) VALUES ('Mississippi', 'United States');
INSERT INTO country (localName, countryName) VALUES ('Missouri', 'United States');
INSERT INTO country (localName, countryName) VALUES ('Mogoro', 'Italy');
INSERT INTO country (localName, countryName) VALUES ('Mose', 'Belgium');
INSERT INTO country (localName, countryName) VALUES ('Mose', 'France');
INSERT INTO country (localName, countryName) VALUES ('Mose', 'Netherlands');
INSERT INTO country (localName, countryName) VALUES ('Narmada', 'India');
INSERT INTO country (localName, countryName) VALUES ('Nera', 'Italy');
INSERT INTO country (localName, countryName) VALUES ('Neto', 'Italy');
INSERT INTO country (localName, countryName) VALUES ('Ngaruroro', 'New Zealand');
INSERT INTO country (localName, countryName) VALUES ('Niger', 'Benin');
INSERT INTO country (localName, countryName) VALUES ('Niger', 'Guinea');
INSERT INTO country (localName, countryName) VALUES ('Niger', 'Mali');
INSERT INTO country (localName, countryName) VALUES ('Niger', 'Niger');
INSERT INTO country (localName, countryName) VALUES ('Niger', 'Nigeria');
INSERT INTO country (localName, countryName) VALUES ('Nile', 'Burundi');
INSERT INTO country (localName, countryName) VALUES ('Nile', 'Egypt');
INSERT INTO country (localName, countryName) VALUES ('Nile', 'Eritrea');
INSERT INTO country (localName, countryName) VALUES ('Nile', 'Ethiopia');
INSERT INTO country (localName, countryName) VALUES ('Nile', 'Kenya');
INSERT INTO country (localName, countryName) VALUES ('Nile', 'Rwanda');
INSERT INTO country (localName, countryName) VALUES ('Nile', 'South Sudan');
INSERT INTO country (localName, countryName) VALUES ('Nile', 'Sudan');
INSERT INTO country (localName, countryName) VALUES ('Nile', 'Tanzania');
INSERT INTO country (localName, countryName) VALUES ('Nile', 'Uganda');
INSERT INTO country (localName, countryName) VALUES ('Nile', 'Zaire');
INSERT INTO country (localName, countryName) VALUES ('Nure', 'Italy');
INSERT INTO country (localName, countryName) VALUES ('Ob', 'Russia');
INSERT INTO country (localName, countryName) VALUES ('Oder', 'Czech Republic');
INSERT INTO country (localName, countryName) VALUES ('Oder', 'Germany');
INSERT INTO country (localName, countryName) VALUES ('Oder', 'Poland');
INSERT INTO country (localName, countryName) VALUES ('Ofanto', 'Italy');
INSERT INTO country (localName, countryName) VALUES ('Oglio', 'Italy');
INSERT INTO country (localName, countryName) VALUES ('Okavango', 'Angola');
INSERT INTO country (localName, countryName) VALUES ('Okavango', 'Botswana');
INSERT INTO country (localName, countryName) VALUES ('Okavango', 'Namibia');
INSERT INTO country (localName, countryName) VALUES ('Olona', 'Italy');
INSERT INTO country (localName, countryName) VALUES ('Ombrone', 'Italy');
INSERT INTO country (localName, countryName) VALUES ('Orange', 'Lesotho');
INSERT INTO country (localName, countryName) VALUES ('Orange', 'Namibia');
INSERT INTO country (localName, countryName) VALUES ('Orange', 'South Africa');
INSERT INTO country (localName, countryName) VALUES ('Oreti', 'New Zealand');
INSERT INTO country (localName, countryName) VALUES ('Orinoco', 'Colombia');
INSERT INTO country (localName, countryName) VALUES ('Orinoco', 'Venezuela');
INSERT INTO country (localName, countryName) VALUES ('Orongorongo', 'New Zealand');
INSERT INTO country (localName, countryName) VALUES ('Otaki', 'New Zealand');
INSERT INTO country (localName, countryName) VALUES ('Panaro', 'Italy');
INSERT INTO country (localName, countryName) VALUES ('Paraguay', 'Argentina');
INSERT INTO country (localName, countryName) VALUES ('Paraguay', 'Bolivia');
INSERT INTO country (localName, countryName) VALUES ('Paraguay', 'Brazil');
INSERT INTO country (localName, countryName) VALUES ('Paraguay', 'Paraguay');
INSERT INTO country (localName, countryName) VALUES ('Paraná', 'Argentina');
INSERT INTO country (localName, countryName) VALUES ('Paraná', 'Brazil');
INSERT INTO country (localName, countryName) VALUES ('Paraná', 'Paraguay');
INSERT INTO country (localName, countryName) VALUES ('Parma', 'Italy');
INSERT INTO country (localName, countryName) VALUES ('Piave', 'Italy');
INSERT INTO country (localName, countryName) VALUES ('Pilcomayo', 'Argentina');
INSERT INTO country (localName, countryName) VALUES ('Pilcomayo', 'Bolivia');
INSERT INTO country (localName, countryName) VALUES ('Pilcomayo', 'Paraguay');
INSERT INTO country (localName, countryName) VALUES ('Platte', 'United States');
INSERT INTO country (localName, countryName) VALUES ('Po', 'Italy');
INSERT INTO country (localName, countryName) VALUES ('Prut', 'Moldova');
INSERT INTO country (localName, countryName) VALUES ('Prut', 'Romania');
INSERT INTO country (localName, countryName) VALUES ('Prut', 'Ukraine');
INSERT INTO country (localName, countryName) VALUES ('Purus', 'Brazil');
INSERT INTO country (localName, countryName) VALUES ('Purus', 'Peru');
INSERT INTO country (localName, countryName) VALUES ('Putumayo', 'Brazil');
INSERT INTO country (localName, countryName) VALUES ('Putumayo', 'Colombia');
INSERT INTO country (localName, countryName) VALUES ('Putumayo', 'Ecuador');
INSERT INTO country (localName, countryName) VALUES ('Putumayo', 'Peru');
INSERT INTO country (localName, countryName) VALUES ('Rakaia', 'New Zealand');
INSERT INTO country (localName, countryName) VALUES ('Rangitikei', 'New Zealand');
INSERT INTO country (localName, countryName) VALUES ('Reno', 'Italy');
INSERT INTO country (localName, countryName) VALUES ('Rhein', 'Germany');
INSERT INTO country (localName, countryName) VALUES ('Rhein', 'Netherlands');
INSERT INTO country (localName, countryName) VALUES ('Rhein', 'Switzerland');
INSERT INTO country (localName, countryName) VALUES ('Rhône', 'France');
INSERT INTO country (localName, countryName) VALUES ('Rhône', 'Switzerland');
INSERT INTO country (localName, countryName) VALUES ('Romanche', 'France');
INSERT INTO country (localName, countryName) VALUES ('Roya', 'France');
INSERT INTO country (localName, countryName) VALUES ('Roya', 'Italy');
INSERT INTO country (localName, countryName) VALUES ('Ruamahanga', 'New Zealand');
INSERT INTO country (localName, countryName) VALUES ('Salso', 'Italy');
INSERT INTO country (localName, countryName) VALUES ('Sangro', 'Italy');
INSERT INTO country (localName, countryName) VALUES ('Saône', 'France');
INSERT INTO country (localName, countryName) VALUES ('Sava', 'Bosnia-Herzegovina');
INSERT INTO country (localName, countryName) VALUES ('Sava', 'Croatia');
INSERT INTO country (localName, countryName) VALUES ('Sava', 'Serbia');
INSERT INTO country (localName, countryName) VALUES ('Sava', 'Slovenia');
INSERT INTO country (localName, countryName) VALUES ('Scrivia', 'Italy');
INSERT INTO country (localName, countryName) VALUES ('Secchia', 'Italy');
INSERT INTO country (localName, countryName) VALUES ('Seine', 'France');
INSERT INTO country (localName, countryName) VALUES ('Sele', 'Italy');
INSERT INTO country (localName, countryName) VALUES ('Serchio', 'Italy');
INSERT INTO country (localName, countryName) VALUES ('Seveso', 'Italy');
INSERT INTO country (localName, countryName) VALUES ('Shannon', 'Ireland');
INSERT INTO country (localName, countryName) VALUES ('Sieve', 'Italy');
INSERT INTO country (localName, countryName) VALUES ('Sile', 'Italy');
INSERT INTO country (localName, countryName) VALUES ('Simeto', 'Italy');
INSERT INTO country (localName, countryName) VALUES ('Sinni', 'Italy');
INSERT INTO country (localName, countryName) VALUES ('Stura di Demonte', 'Italy');
INSERT INTO country (localName, countryName) VALUES ('Stura di Lanzo', 'Italy');
INSERT INTO country (localName, countryName) VALUES ('Stura di Ovada', 'Italy');
INSERT INTO country (localName, countryName) VALUES ('Tagliamento', 'Italy');
INSERT INTO country (localName, countryName) VALUES ('Tajo', 'Portugal');
INSERT INTO country (localName, countryName) VALUES ('Tajo', 'Spain');
INSERT INTO country (localName, countryName) VALUES ('Tanaro', 'Italy');
INSERT INTO country (localName, countryName) VALUES ('Tapajós', 'Brazil');
INSERT INTO country (localName, countryName) VALUES ('Tarawera', 'New Zealand');
INSERT INTO country (localName, countryName) VALUES ('Tarn', 'France');
INSERT INTO country (localName, countryName) VALUES ('Taro', 'Italy');
INSERT INTO country (localName, countryName) VALUES ('Terdoppio', 'Italy');
INSERT INTO country (localName, countryName) VALUES ('Tevere', 'Italy');
INSERT INTO country (localName, countryName) VALUES ('Thames', 'United Kingdom');
INSERT INTO country (localName, countryName) VALUES ('Ticino', 'Italy');
INSERT INTO country (localName, countryName) VALUES ('Ticino', 'Switzerland');
INSERT INTO country (localName, countryName) VALUES ('Tidone', 'Italy');
INSERT INTO country (localName, countryName) VALUES ('Tietê', 'Brazil');
INSERT INTO country (localName, countryName) VALUES ('Tirso', 'Italy');
INSERT INTO country (localName, countryName) VALUES ('Tocantins', 'Brazil');
INSERT INTO country (localName, countryName) VALUES ('Trebbia', 'Italy');
INSERT INTO country (localName, countryName) VALUES ('Trigno', 'Italy');
INSERT INTO country (localName, countryName) VALUES ('Tronto', 'Italy');
INSERT INTO country (localName, countryName) VALUES ('Uawa', 'New Zealand');
INSERT INTO country (localName, countryName) VALUES ('Ubaye', 'France');
INSERT INTO country (localName, countryName) VALUES ('Ural', 'Kazakhstan');
INSERT INTO country (localName, countryName) VALUES ('Ural', 'Russia');
INSERT INTO country (localName, countryName) VALUES ('Uruguay', 'Argentina');
INSERT INTO country (localName, countryName) VALUES ('Uruguay', 'Brazil');
INSERT INTO country (localName, countryName) VALUES ('Uruguay', 'Uruguay');
INSERT INTO country (localName, countryName) VALUES ('Var', 'France');
INSERT INTO country (localName, countryName) VALUES ('Verdon', 'France');
INSERT INTO country (localName, countryName) VALUES ('Visla', 'Poland');
INSERT INTO country (localName, countryName) VALUES ('Volga', 'Russia');
INSERT INTO country (localName, countryName) VALUES ('Volturno', 'Italy');
INSERT INTO country (localName, countryName) VALUES ('Waikanae', 'New Zealand');
INSERT INTO country (localName, countryName) VALUES ('Waikato', 'New Zealand');
INSERT INTO country (localName, countryName) VALUES ('Wainuiomata', 'New Zealand');
INSERT INTO country (localName, countryName) VALUES ('Waitaki', 'New Zealand');
INSERT INTO country (localName, countryName) VALUES ('Xingu', 'Brazil');
INSERT INTO country (localName, countryName) VALUES ('Yangtze', 'China');
INSERT INTO country (localName, countryName) VALUES ('Yukon', 'Canada');
INSERT INTO country (localName, countryName) VALUES ('Yukon', 'United States');
INSERT INTO country (localName, countryName) VALUES ('Zambezi', 'Angola');
INSERT INTO country (localName, countryName) VALUES ('Zambezi', 'Botswana');
INSERT INTO country (localName, countryName) VALUES ('Zambezi', 'Mozambique');
INSERT INTO country (localName, countryName) VALUES ('Zambezi', 'Namibia');
INSERT INTO country (localName, countryName) VALUES ('Zambezi', 'Zambia');
INSERT INTO country (localName, countryName) VALUES ('Zambezi', 'Zimbabwe');

DROP TABLE IF EXISTS history;
CREATE TABLE history (
    operationID VARCHAR(45) NOT NULL,
    operationTime VARCHAR(45) DEFAULT NULL,
    operationType VARCHAR(15) DEFAULT NULL,
    localName VARCHAR(45) DEFAULT NULL,
    PRIMARY KEY (operationID),
    FOREIGN KEY (localName)
        REFERENCES river (localName)
        ON DELETE CASCADE ON UPDATE CASCADE
)  ENGINE=INNODB DEFAULT CHARSET=UTF8;


INSERT INTO history (operationID, operationTime, operationType, localName) VALUES ('AGOGNA_INSERTED@1701160410', '2017-01-06 16:11:10', 'Insertion', 'Agogna');
INSERT INTO history (operationID, operationTime, operationType, localName) VALUES ('AGOGNA_MODIFIED@1701160401', '2017-01-06 16:20:01', 'Modification', 'Agogna');
INSERT INTO history (operationID, operationTime, operationType, localName) VALUES ('ALCANTARA_INSERTED@1701190721', '2017-01-04 19:49:21', 'Insertion', 'Alcantara');
INSERT INTO history (operationID, operationTime, operationType, localName) VALUES ('ARDA_INSERTED@1701160410', '2017-01-06 16:11:10', 'Insertion', 'Arda');
INSERT INTO history (operationID, operationTime, operationType, localName) VALUES ('ARDA_MODIFIED@1701160401', '2017-01-06 16:20:01', 'Modification', 'Arda');
INSERT INTO history (operationID, operationTime, operationType, localName) VALUES ('BACCHIGLIONE_INSERTED@1701160410', '2017-01-06 16:11:10', 'Insertion', 'Bacchiglione');
INSERT INTO history (operationID, operationTime, operationType, localName) VALUES ('BACCHIGLIONE_MODIFIED@1701160401', '2017-01-06 16:20:01', 'Modification', 'Bacchiglione');
INSERT INTO history (operationID, operationTime, operationType, localName) VALUES ('CENO_INSERTED@1701160410', '2017-01-06 16:11:10', 'Insertion', 'Ceno');
INSERT INTO history (operationID, operationTime, operationType, localName) VALUES ('CENO_MODIFIED@1701160401', '2017-01-06 16:20:01', 'Modification', 'Ceno');
INSERT INTO history (operationID, operationTime, operationType, localName) VALUES ('CERVO_INSERTED@1701160410', '2017-01-06 16:11:10', 'Insertion', 'Cervo');
INSERT INTO history (operationID, operationTime, operationType, localName) VALUES ('CERVO_MODIFIED@1701160401', '2017-01-06 16:20:01', 'Modification', 'Cervo');
INSERT INTO history (operationID, operationTime, operationType, localName) VALUES ('CHIESE_INSERTED@1701160410', '2017-01-06 16:11:10', 'Insertion', 'Chiese');
INSERT INTO history (operationID, operationTime, operationType, localName) VALUES ('CHIESE_MODIFIED@1701160401', '2017-01-06 16:20:01', 'Modification', 'Chiese');
INSERT INTO history (operationID, operationTime, operationType, localName) VALUES ('COGHINAS_INSERTED@1701200828', '2017-01-03 20:23:28', 'Insertion', 'Coghinas');
INSERT INTO history (operationID, operationTime, operationType, localName) VALUES ('COGHINAS_MODIFIED@1701200810', '2017-01-03 20:27:10', 'Modification', 'Coghinas');
INSERT INTO history (operationID, operationTime, operationType, localName) VALUES ('COGHINAS_MODIFIED@1701210946', '2017-01-03 21:44:46', 'Modification', 'Coghinas');
INSERT INTO history (operationID, operationTime, operationType, localName) VALUES ('CONCA_INSERTED@1701160410', '2017-01-06 16:11:10', 'Insertion', 'Conca');
INSERT INTO history (operationID, operationTime, operationType, localName) VALUES ('CONCA_MODIFIED@1701160401', '2017-01-06 16:20:01', 'Modification', 'Conca');
INSERT INTO history (operationID, operationTime, operationType, localName) VALUES ('CRATI_INSERTED@1701140243', '2017-01-03 14:32:43', 'Insertion', 'Crati');
INSERT INTO history (operationID, operationTime, operationType, localName) VALUES ('CRATI_MODIFIED@1701150301', '2017-01-03 15:06:01', 'Modification', 'Crati');
INSERT INTO history (operationID, operationTime, operationType, localName) VALUES ('CRATI_MODIFIED@1701150319', '2017-01-03 15:45:19', 'Modification', 'Crati');
INSERT INTO history (operationID, operationTime, operationType, localName) VALUES ('ELVO_INSERTED@1701160410', '2017-01-06 16:11:10', 'Insertion', 'Elvo');
INSERT INTO history (operationID, operationTime, operationType, localName) VALUES ('ELVO_MODIFIED@1701160401', '2017-01-06 16:20:01', 'Modification', 'Elvo');
INSERT INTO history (operationID, operationTime, operationType, localName) VALUES ('FLUMENDOSA_INSERTED@1701200828', '2017-01-03 20:23:28', 'Insertion', 'Flumendosa');
INSERT INTO history (operationID, operationTime, operationType, localName) VALUES ('FLUMENDOSA_MODIFIED@1701200810', '2017-01-03 20:27:10', 'Modification', 'Flumendosa');
INSERT INTO history (operationID, operationTime, operationType, localName) VALUES ('FLUMENDOSA_MODIFIED@1701210946', '2017-01-03 21:44:46', 'Modification', 'Flumendosa');
INSERT INTO history (operationID, operationTime, operationType, localName) VALUES ('FOGLIA_INSERTED@1701160410', '2017-01-06 16:11:10', 'Insertion', 'Foglia');
INSERT INTO history (operationID, operationTime, operationType, localName) VALUES ('FOGLIA_MODIFIED@1701160401', '2017-01-06 16:20:01', 'Modification', 'Foglia');
INSERT INTO history (operationID, operationTime, operationType, localName) VALUES ('GAIL_INSERTED@1701160410', '2017-01-06 16:11:10', 'Insertion', 'Gail');
INSERT INTO history (operationID, operationTime, operationType, localName) VALUES ('GAIL_MODIFIED@1701160401', '2017-01-06 16:20:01', 'Modification', 'Gail');
INSERT INTO history (operationID, operationTime, operationType, localName) VALUES ('HERETAUNGA_INSERTED@1701121250', '2017-01-03 12:53:50', 'Insertion', 'Heretaunga');
INSERT INTO history (operationID, operationTime, operationType, localName) VALUES ('HERETAUNGA_MODIFIED@1701121231', '2017-01-03 12:57:31', 'Modification', 'Heretaunga');
INSERT INTO history (operationID, operationTime, operationType, localName) VALUES ('KAITUNA_INSERTED@1701140232', '2017-01-03 14:52:32', 'Insertion', 'Kaituna');
INSERT INTO history (operationID, operationTime, operationType, localName) VALUES ('KAITUNA_MODIFIED@1701150312', '2017-01-03 15:40:12', 'Modification', 'Kaituna');
INSERT INTO history (operationID, operationTime, operationType, localName) VALUES ('KEREU_INSERTED@1701140232', '2017-01-03 14:52:32', 'Insertion', 'Kereu');
INSERT INTO history (operationID, operationTime, operationType, localName) VALUES ('KEREU_MODIFIED@1701150312', '2017-01-03 15:40:12', 'Modification', 'Kereu');
INSERT INTO history (operationID, operationTime, operationType, localName) VALUES ('LLOBREGAT_INSERTED@1701200828', '2017-01-03 20:23:28', 'Insertion', 'Llobregat');
INSERT INTO history (operationID, operationTime, operationType, localName) VALUES ('LLOBREGAT_MODIFIED@1701200810', '2017-01-03 20:27:10', 'Modification', 'Llobregat');
INSERT INTO history (operationID, operationTime, operationType, localName) VALUES ('LLOBREGAT_MODIFIED@1701210946', '2017-01-03 21:44:46', 'Modification', 'Llobregat');
INSERT INTO history (operationID, operationTime, operationType, localName) VALUES ('MAGRA_INSERTED@1701160410', '2017-01-06 16:11:10', 'Insertion', 'Magra');
INSERT INTO history (operationID, operationTime, operationType, localName) VALUES ('MAGRA_MODIFIED@1701160401', '2017-01-06 16:20:01', 'Modification', 'Magra');
INSERT INTO history (operationID, operationTime, operationType, localName) VALUES ('MANAWATU_INSERTED@1701140232', '2017-01-03 14:53:32', 'Insertion', 'Manawatu');
INSERT INTO history (operationID, operationTime, operationType, localName) VALUES ('MANAWATU_MODIFIED@1701150318', '2017-01-03 15:31:18', 'Modification', 'Manawatu');
INSERT INTO history (operationID, operationTime, operationType, localName) VALUES ('MANAWATU_MODIFIED@1701150355', '2017-01-03 15:15:55', 'Modification', 'Manawatu');
INSERT INTO history (operationID, operationTime, operationType, localName) VALUES ('MARNE_INSERTED@1701160410', '2017-01-06 16:11:10', 'Insertion', 'Marne');
INSERT INTO history (operationID, operationTime, operationType, localName) VALUES ('MARNE_MODIFIED@1701160401', '2017-01-06 16:20:01', 'Modification', 'Marne');
INSERT INTO history (operationID, operationTime, operationType, localName) VALUES ('MOGORO_INSERTED@1701190704', '2017-01-04 19:35:04', 'Insertion', 'Mogoro');
INSERT INTO history (operationID, operationTime, operationType, localName) VALUES ('NERA_INSERTED@1701160410', '2017-01-06 16:11:10', 'Insertion', 'Nera');
INSERT INTO history (operationID, operationTime, operationType, localName) VALUES ('NERA_MODIFIED@1701160401', '2017-01-06 16:20:01', 'Modification', 'Nera');
INSERT INTO history (operationID, operationTime, operationType, localName) VALUES ('NETO_INSERTED@1701111120', '2017-01-03 11:38:20', 'Insertion', 'Neto');
INSERT INTO history (operationID, operationTime, operationType, localName) VALUES ('NETO_MODIFIED@1701111121', '2017-01-03 11:43:21', 'Modification', 'Neto');
INSERT INTO history (operationID, operationTime, operationType, localName) VALUES ('NETO_MODIFIED@1701130128', '2017-01-03 13:13:28', 'Modification', 'Neto');
INSERT INTO history (operationID, operationTime, operationType, localName) VALUES ('NETO_MODIFIED@1701150319', '2017-01-03 15:45:19', 'Modification', 'Neto');
INSERT INTO history (operationID, operationTime, operationType, localName) VALUES ('NEVA_INSERTED@1701160410', '2017-01-06 16:11:10', 'Insertion', 'Neva');
INSERT INTO history (operationID, operationTime, operationType, localName) VALUES ('NEVA_MODIFIED@1701160401', '2017-01-06 16:20:01', 'Modification', 'Neva');
INSERT INTO history (operationID, operationTime, operationType, localName) VALUES ('NGARURORO_INSERTED@1701160410', '2017-01-06 16:11:10', 'Insertion', 'Ngaruroro');
INSERT INTO history (operationID, operationTime, operationType, localName) VALUES ('NGARURORO_MODIFIED@1701160401', '2017-01-06 16:20:01', 'Modification', 'Ngaruroro');
INSERT INTO history (operationID, operationTime, operationType, localName) VALUES ('NURE_INSERTED@1701160410', '2017-01-06 16:11:10', 'Insertion', 'Nure');
INSERT INTO history (operationID, operationTime, operationType, localName) VALUES ('NURE_MODIFIED@1701160401', '2017-01-06 16:20:01', 'Modification', 'Nure');
INSERT INTO history (operationID, operationTime, operationType, localName) VALUES ('ORETI_INSERTED@1701140246', '2017-01-03 14:59:46', 'Insertion', 'Oreti');
INSERT INTO history (operationID, operationTime, operationType, localName) VALUES ('ORETI_MODIFIED@1701150318', '2017-01-03 15:31:18', 'Modification', 'Oreti');
INSERT INTO history (operationID, operationTime, operationType, localName) VALUES ('ORETI_MODIFIED@1701150355', '2017-01-03 15:15:55', 'Modification', 'Oreti');
INSERT INTO history (operationID, operationTime, operationType, localName) VALUES ('ORONGORONGO_INSERTED@1701140232', '2017-01-03 14:53:32', 'Insertion', 'Orongorongo');
INSERT INTO history (operationID, operationTime, operationType, localName) VALUES ('ORONGORONGO_MODIFIED@1701150320', '2017-01-03 15:25:20', 'Modification', 'Orongorongo');
INSERT INTO history (operationID, operationTime, operationType, localName) VALUES ('ORONGORONGO_MODIFIED@1701150355', '2017-01-03 15:15:55', 'Modification', 'Orongorongo');
INSERT INTO history (operationID, operationTime, operationType, localName) VALUES ('OTAKI_INSERTED@1701200855', '2017-01-03 20:25:55', 'Insertion', 'Otaki');
INSERT INTO history (operationID, operationTime, operationType, localName) VALUES ('OTAKI_MODIFIED@1701160447', '2017-01-04 16:12:47', 'Modification', 'Otaki');
INSERT INTO history (operationID, operationTime, operationType, localName) VALUES ('OTAKI_MODIFIED@1701200810', '2017-01-03 20:27:10', 'Modification', 'Otaki');
INSERT INTO history (operationID, operationTime, operationType, localName) VALUES ('PARMA_INSERTED@1701160410', '2017-01-06 16:11:10', 'Insertion', 'Parma');
INSERT INTO history (operationID, operationTime, operationType, localName) VALUES ('PARMA_MODIFIED@1701160401', '2017-01-06 16:20:01', 'Modification', 'Parma');
INSERT INTO history (operationID, operationTime, operationType, localName) VALUES ('RAKAIA_INSERTED@1701111120', '2017-01-03 11:38:20', 'Insertion', 'Rakaia');
INSERT INTO history (operationID, operationTime, operationType, localName) VALUES ('RAKAIA_MODIFIED@1701111121', '2017-01-03 11:43:21', 'Modification', 'Rakaia');
INSERT INTO history (operationID, operationTime, operationType, localName) VALUES ('RAKAIA_MODIFIED@1701130109', '2017-01-03 13:01:09', 'Modification', 'Rakaia');
INSERT INTO history (operationID, operationTime, operationType, localName) VALUES ('RANGITIKEI_INSERTED@1701140232', '2017-01-03 14:52:32', 'Insertion', 'Rangitikei');
INSERT INTO history (operationID, operationTime, operationType, localName) VALUES ('RANGITIKEI_MODIFIED@1701150320', '2017-01-03 15:25:20', 'Modification', 'Rangitikei');
INSERT INTO history (operationID, operationTime, operationType, localName) VALUES ('RANGITIKEI_MODIFIED@1701150355', '2017-01-03 15:15:55', 'Modification', 'Rangitikei');
INSERT INTO history (operationID, operationTime, operationType, localName) VALUES ('RENO_INSERTED@1701160410', '2017-01-06 16:11:10', 'Insertion', 'Reno');
INSERT INTO history (operationID, operationTime, operationType, localName) VALUES ('RENO_MODIFIED@1701160401', '2017-01-06 16:20:01', 'Modification', 'Reno');
INSERT INTO history (operationID, operationTime, operationType, localName) VALUES ('RENO_MODIFIED@1702200825', '2017-01-11 20:32:25', 'Modification', 'Reno');
INSERT INTO history (operationID, operationTime, operationType, localName) VALUES ('RENO_MODIFIED@1703210953', '2017-01-16 21:03:53', 'Modification', 'Reno');
INSERT INTO history (operationID, operationTime, operationType, localName) VALUES ('RUAMAHANGA_INSERTED@1701200828', '2017-01-03 20:23:28', 'Insertion', 'Ruamahanga');
INSERT INTO history (operationID, operationTime, operationType, localName) VALUES ('RUAMAHANGA_MODIFIED@1701160447', '2017-01-04 16:12:47', 'Modification', 'Ruamahanga');
INSERT INTO history (operationID, operationTime, operationType, localName) VALUES ('RUAMAHANGA_MODIFIED@1701200810', '2017-01-03 20:27:10', 'Modification', 'Ruamahanga');
INSERT INTO history (operationID, operationTime, operationType, localName) VALUES ('SEVESO_INSERTED@1701160410', '2017-01-06 16:11:10', 'Insertion', 'Seveso');
INSERT INTO history (operationID, operationTime, operationType, localName) VALUES ('SEVESO_MODIFIED@1701160401', '2017-01-06 16:20:01', 'Modification', 'Seveso');
INSERT INTO history (operationID, operationTime, operationType, localName) VALUES ('SEVESO_MODIFIED@1703210953', '2017-01-16 21:03:53', 'Modification', 'Seveso');
INSERT INTO history (operationID, operationTime, operationType, localName) VALUES ('SIEVE_INSERTED@1701160410', '2017-01-06 16:11:10', 'Insertion', 'Sieve');
INSERT INTO history (operationID, operationTime, operationType, localName) VALUES ('SIEVE_MODIFIED@1701160401', '2017-01-06 16:20:01', 'Modification', 'Sieve');
INSERT INTO history (operationID, operationTime, operationType, localName) VALUES ('SIEVE_MODIFIED@1703210953', '2017-01-16 21:03:53', 'Modification', 'Sieve');
INSERT INTO history (operationID, operationTime, operationType, localName) VALUES ('SILE_INSERTED@1701160410', '2017-01-06 16:11:10', 'Insertion', 'Sile');
INSERT INTO history (operationID, operationTime, operationType, localName) VALUES ('SILE_MODIFIED@1701160401', '2017-01-06 16:20:01', 'Modification', 'Sile');
INSERT INTO history (operationID, operationTime, operationType, localName) VALUES ('SILE_MODIFIED@1703210953', '2017-01-16 21:03:53', 'Modification', 'Sile');
INSERT INTO history (operationID, operationTime, operationType, localName) VALUES ('TARAWERA_INSERTED@1701160410', '2017-01-06 16:11:10', 'Insertion', 'Tarawera');
INSERT INTO history (operationID, operationTime, operationType, localName) VALUES ('TARAWERA_MODIFIED@1701160401', '2017-01-06 16:20:01', 'Modification', 'Tarawera');
INSERT INTO history (operationID, operationTime, operationType, localName) VALUES ('TARAWERA_MODIFIED@1702200825', '2017-01-11 20:32:25', 'Modification', 'Tarawera');
INSERT INTO history (operationID, operationTime, operationType, localName) VALUES ('TERDOPPIO_INSERTED@1701160410', '2017-01-06 16:11:10', 'Insertion', 'Terdoppio');
INSERT INTO history (operationID, operationTime, operationType, localName) VALUES ('TERDOPPIO_MODIFIED@1701160401', '2017-01-06 16:20:01', 'Modification', 'Terdoppio');
INSERT INTO history (operationID, operationTime, operationType, localName) VALUES ('TERDOPPIO_MODIFIED@1702200825', '2017-01-11 20:32:25', 'Modification', 'Terdoppio');
INSERT INTO history (operationID, operationTime, operationType, localName) VALUES ('TIDONE_INSERTED@1701160410', '2017-01-06 16:11:10', 'Insertion', 'Tidone');
INSERT INTO history (operationID, operationTime, operationType, localName) VALUES ('TIDONE_MODIFIED@1701160401', '2017-01-06 16:20:01', 'Modification', 'Tidone');
INSERT INTO history (operationID, operationTime, operationType, localName) VALUES ('TIDONE_MODIFIED@1701231118', '2017-01-07 23:02:18', 'Modification', 'Tidone');
INSERT INTO history (operationID, operationTime, operationType, localName) VALUES ('TIRSO_INSERTED@1701200828', '2017-01-03 20:23:28', 'Insertion', 'Tirso');
INSERT INTO history (operationID, operationTime, operationType, localName) VALUES ('TIRSO_MODIFIED@1701160447', '2017-01-04 16:12:47', 'Modification', 'Tirso');
INSERT INTO history (operationID, operationTime, operationType, localName) VALUES ('TIRSO_MODIFIED@1701200810', '2017-01-03 20:27:10', 'Modification', 'Tirso');
INSERT INTO history (operationID, operationTime, operationType, localName) VALUES ('UAWA_INSERTED@1701140232', '2017-01-03 14:52:32', 'Insertion', 'Uawa');
INSERT INTO history (operationID, operationTime, operationType, localName) VALUES ('UAWA_MODIFIED@1701150320', '2017-01-03 15:25:20', 'Modification', 'Uawa');
INSERT INTO history (operationID, operationTime, operationType, localName) VALUES ('UAWA_MODIFIED@1701150355', '2017-01-03 15:15:55', 'Modification', 'Uawa');
INSERT INTO history (operationID, operationTime, operationType, localName) VALUES ('WAIKANAE_INSERTED@1701160410', '2017-01-06 16:11:10', 'Insertion', 'Waikanae');
INSERT INTO history (operationID, operationTime, operationType, localName) VALUES ('WAIKANAE_MODIFIED@1701160401', '2017-01-06 16:20:01', 'Modification', 'Waikanae');
INSERT INTO history (operationID, operationTime, operationType, localName) VALUES ('WAIKANAE_MODIFIED@1701231118', '2017-01-07 23:02:18', 'Modification', 'Waikanae');
INSERT INTO history (operationID, operationTime, operationType, localName) VALUES ('WAIKATO_INSERTED@1701111120', '2017-01-03 11:38:20', 'Insertion', 'Waikato');
INSERT INTO history (operationID, operationTime, operationType, localName) VALUES ('WAIKATO_MODIFIED@1701111121', '2017-01-03 11:43:21', 'Modification', 'Waikato');
INSERT INTO history (operationID, operationTime, operationType, localName) VALUES ('WAIKATO_MODIFIED@1701130128', '2017-01-03 13:13:28', 'Modification', 'Waikato');
INSERT INTO history (operationID, operationTime, operationType, localName) VALUES ('WAINUIOMATA_INSERTED@1701200855', '2017-01-03 20:25:55', 'Insertion', 'Wainuiomata');
INSERT INTO history (operationID, operationTime, operationType, localName) VALUES ('WAINUIOMATA_MODIFIED@1701160447', '2017-01-04 16:12:47', 'Modification', 'Wainuiomata');
INSERT INTO history (operationID, operationTime, operationType, localName) VALUES ('WAINUIOMATA_MODIFIED@1701200810', '2017-01-03 20:27:10', 'Modification', 'Wainuiomata');
INSERT INTO history (operationID, operationTime, operationType, localName) VALUES ('WAITAKI_INSERTED@1701160410', '2017-01-06 16:11:10', 'Insertion', 'Waitaki');
INSERT INTO history (operationID, operationTime, operationType, localName) VALUES ('WAITAKI_MODIFIED@1701160401', '2017-01-06 16:20:01', 'Modification', 'Waitaki');
INSERT INTO history (operationID, operationTime, operationType, localName) VALUES ('WAITAKI_MODIFIED@1701231118', '2017-01-07 23:02:18', 'Modification', 'Waitaki');